Categories,Stationary Fuel Combustion,Industrial and Other Processes,Highway Vehicles,Non-Road Mobile
CO,8.52773349,27.87404548,35.75774104,27.84047999
NH3,3.188662533,93.88839681,2.834366696,0.088573959
NOx,27.40987461,14.27311912,32.32758621,25.98942006
PM2.5,46.09230769,37.10769231,6.153846154,10.64615385
PM10,35.97510373,46.14107884,10.24896266,7.634854772
SO2,73.42342342,22.97297297,1.013513514,2.59009009
VOC,3.841883189,72.2407284,11.91057813,12.00681027